Country,Trend,Variability
Fiji,0.17406260749914004,1.0
French Polynesia,-0.0011695906432748462,0.0
Kiribati,-0.13429652562779498,1.0
New Caledonia,-0.21200550395596834,1.0
Papua New Guinea,-0.3776401788785691,2.0
Samoa,0.07007223942208465,0.0
Solomon Islands,0.42149982800137603,2.0
Vanuatu,0.3560027519779841,2.0
